"Designator";"Mid X";"Mid Y";"Layer";"Rotation";"Footprint"
"C1";"22.066mm";"12.700mm";"bot";"90";"0805"
"C2";"20.320mm";"8.731mm";"bot";"90";"0805"
"C3";"36.300mm";"10.400mm";"bot";"270";"0805"
"C4";"339.408mm";"11.589mm";"bot";"0";"C30X16L"
"C5";"15.081mm";"6.033mm";"bot";"0";"0805"
"C6";"40.600mm";"11.000mm";"bot";"0";"0805"
"C7";"38.000mm";"16.600mm";"bot";"270";"0805"
"C8";"44.600mm";"11.000mm";"bot";"0";"0805"
"C9";"11.589mm";"16.192mm";"bot";"90";"0805"
"D1";"24.300mm";"22.400mm";"bot";"90";"SOD80C"
"D2";"368.265mm";"45.171mm";"bot";"0";"SOD80C"
"IC1";"31.400mm";"11.800mm";"bot";"90";"SO-14"
"IC2";"17.145mm";"14.923mm";"bot";"90";"SO-16"
"IC3";"42.700mm";"15.000mm";"bot";"90";"SO8"
"J1";"380.930mm";"66.600mm";"bot";"270";"2X10WH"
"J2";"251.500mm";"9.800mm";"bot";"270";"1X05/90"
"J3";"2.417mm";"78.625mm";"bot";"90";"1X03/90"
"J4";"382.200mm";"9.000mm";"bot";"270";"1X02/90"
"J5";"301.784mm";"13.652mm";"bot";"270";"1X04/90"
"J6";"325.900mm";"90.600mm";"top";"180";"1X05/90"
"J7";"382.200mm";"22.400mm";"bot";"270";"1X04/90"
"J8";"382.200mm";"87.800mm";"bot";"270";"1X03/90"
"JP1";"55.973mm";"9.231mm";"bot";"180";"CP_CL"
"JP2";"207.495mm";"12.400mm";"bot";"180";"CP_CL"
"JP3";"339.735mm";"82.261mm";"top";"270";"CP_OP"
"M1";"318.800mm";"37.500mm";"bot";"180";"PCF8575MODUL"
"M2";"325.900mm";"72.100mm";"bot";"0";"PRO_MICRO"
"Q1";"36.790mm";"41.820mm";"bot";"0";"SOT23"
"Q3";"27.336mm";"27.476mm";"bot";"180";"SOT23"
"Q5";"365.260mm";"36.735mm";"bot";"90";"SOT23"
"R1";"26.370mm";"42.820mm";"bot";"0";"0805"
"R2";"36.750mm";"39.020mm";"bot";"0";"0805"
"R3";"33.430mm";"56.820mm";"bot";"0";"0805"
"R4";"17.145mm";"9.366mm";"bot";"180";"0805"
"R5";"26.035mm";"7.620mm";"bot";"270";"0805"
"R7";"24.300mm";"26.800mm";"bot";"90";"0805"
"R8";"74.699mm";"11.697mm";"bot";"270";"0805"
"R9";"226.981mm";"13.261mm";"bot";"270";"0805"
"R10";"314.700mm";"68.300mm";"bot";"180";"0805"
"R11";"337.947mm";"86.479mm";"bot";"270";"0805"
"R12";"337.400mm";"76.000mm";"bot";"180";"0805"
"R13";"337.400mm";"73.300mm";"bot";"180";"0805"
"R14";"337.300mm";"63.200mm";"bot";"180";"0805"
"R15";"337.400mm";"70.800mm";"bot";"180";"0805"
"R16";"305.118mm";"14.923mm";"bot";"0";"0805"
"R18";"362.530mm";"36.813mm";"bot";"90";"0805"
"R19";"368.000mm";"39.300mm";"bot";"0";"0805"
"R20";"368.000mm";"41.800mm";"bot";"0";"0805"
"RN1";"330.900mm";"33.300mm";"bot";"270";"RN-9"
"SPK1";"377.000mm";"41.000mm";"bot";"0";"RMP-14P/HT"
"SW1";"17.600mm";"86.050mm";"top";"0";"CHERRYMX_HOTSWAP"
"SW2";"36.640mm";"86.050mm";"top";"0";"CHERRYMX_HOTSWAP"
"SW3";"55.680mm";"86.050mm";"top";"0";"CHERRYMX_HOTSWAP"
"SW4";"74.720mm";"86.050mm";"top";"0";"CHERRYMX_HOTSWAP"
"SW5";"93.760mm";"86.050mm";"top";"0";"CHERRYMX_HOTSWAP"
"SW6";"112.800mm";"86.050mm";"top";"0";"CHERRYMX_HOTSWAP"
"SW7";"131.840mm";"86.050mm";"top";"0";"CHERRYMX_HOTSWAP"
"SW8";"150.880mm";"86.050mm";"top";"0";"CHERRYMX_HOTSWAP"
"SW9";"169.920mm";"86.050mm";"top";"0";"CHERRYMX_HOTSWAP"
"SW10";"188.960mm";"86.050mm";"top";"0";"CHERRYMX_HOTSWAP"
"SW11";"208.000mm";"86.050mm";"top";"0";"CHERRYMX_HOTSWAP"
"SW12";"227.040mm";"86.050mm";"top";"0";"CHERRYMX_HOTSWAP"
"SW13";"246.080mm";"86.050mm";"top";"0";"CHERRYMX_HOTSWAP"
"SW14";"265.120mm";"86.050mm";"top";"0";"CHERRYMX_HOTSWAP"
"SW15";"284.160mm";"86.050mm";"top";"0";"CHERRYMX_HOTSWAP"
"SW16";"303.200mm";"86.050mm";"top";"0";"CHERRYMX_HOTSWAP"
"SW17";"353.850mm";"86.050mm";"top";"270";"CHERRYMX_HOTSWAP"
"SW17A";"349.100mm";"86.050mm";"top";"90";"CHERRYMX_HOTSWAP"
"SW18";"27.200mm";"67.000mm";"top";"270";"CHERRYMX_HOTSWAP"
"SW18A";"22.450mm";"67.000mm";"top";"90";"CHERRYMX_HOTSWAP"
"SW19";"46.240mm";"67.000mm";"top";"0";"CHERRYMX_HOTSWAP"
"SW20";"65.280mm";"67.000mm";"top";"0";"CHERRYMX_HOTSWAP"
"SW21";"84.320mm";"67.000mm";"top";"0";"CHERRYMX_HOTSWAP"
"SW22";"103.360mm";"67.000mm";"top";"0";"CHERRYMX_HOTSWAP"
"SW23";"122.400mm";"67.000mm";"top";"0";"CHERRYMX_HOTSWAP"
"SW24";"141.440mm";"67.000mm";"top";"0";"CHERRYMX_HOTSWAP"
"SW25";"160.480mm";"67.000mm";"top";"0";"CHERRYMX_HOTSWAP"
"SW26";"179.520mm";"67.000mm";"top";"0";"CHERRYMX_HOTSWAP"
"SW27";"198.560mm";"67.000mm";"top";"0";"CHERRYMX_HOTSWAP"
"SW28";"217.600mm";"67.000mm";"top";"0";"CHERRYMX_HOTSWAP"
"SW29";"236.640mm";"67.000mm";"top";"0";"CHERRYMX_HOTSWAP"
"SW30";"255.680mm";"67.000mm";"top";"0";"CHERRYMX_HOTSWAP"
"SW31";"274.720mm";"67.000mm";"top";"0";"CHERRYMX_HOTSWAP"
"SW32";"293.760mm";"67.000mm";"top";"90";"CHERRYMX_HOTSWAP"
"SW32A";"298.510mm";"67.000mm";"top";"270";"CHERRYMX_HOTSWAP"
"SW33";"353.850mm";"67.000mm";"top";"270";"CHERRYMX_HOTSWAP"
"SW33A";"349.100mm";"67.000mm";"top";"90";"CHERRYMX_HOTSWAP"
"SW34";"12.800mm";"47.950mm";"top";"0";"CHERRYMX_HOTSWAP"
"SW35";"31.840mm";"47.950mm";"top";"0";"CHERRYMX_HSWP_LD"
"SW36";"50.880mm";"47.950mm";"top";"0";"CHERRYMX_HOTSWAP"
"SW37";"69.920mm";"47.950mm";"top";"0";"CHERRYMX_HOTSWAP"
"SW38";"88.960mm";"47.950mm";"top";"0";"CHERRYMX_HOTSWAP"
"SW39";"108.000mm";"47.950mm";"top";"0";"CHERRYMX_HOTSWAP"
"SW40";"127.040mm";"47.950mm";"top";"0";"CHERRYMX_HOTSWAP"
"SW41";"146.080mm";"47.950mm";"top";"0";"CHERRYMX_HOTSWAP"
"SW42";"165.120mm";"47.950mm";"top";"0";"CHERRYMX_HOTSWAP"
"SW43";"184.160mm";"47.950mm";"top";"0";"CHERRYMX_HOTSWAP"
"SW44";"203.200mm";"47.950mm";"top";"0";"CHERRYMX_HOTSWAP"
"SW45";"222.240mm";"47.950mm";"top";"0";"CHERRYMX_HOTSWAP"
"SW46";"241.280mm";"47.950mm";"top";"0";"CHERRYMX_HOTSWAP"
"SW47";"260.320mm";"47.950mm";"top";"0";"CHERRYMX_HOTSWAP"
"SW48";"288.880mm";"47.950mm";"top";"0";"CHERRYMX_HOTSWAP"
"SW49";"353.850mm";"47.950mm";"top";"270";"CHERRYMX_HOTSWAP"
"SW49A";"349.100mm";"47.950mm";"top";"90";"CHERRYMX_HOTSWAP"
"SW50";"12.800mm";"28.900mm";"top";"0";"CHERRYMX_HOTSWAP"
"SW51";"41.360mm";"28.900mm";"top";"270";"CHERRYMX_HOTSWAP"
"SW51A";"36.610mm";"28.900mm";"top";"90";"CHERRYMX_HOTSWAP"
"SW52";"60.400mm";"28.900mm";"top";"0";"CHERRYMX_HOTSWAP"
"SW53";"79.440mm";"28.900mm";"top";"0";"CHERRYMX_HOTSWAP"
"SW54";"98.480mm";"28.900mm";"top";"0";"CHERRYMX_HOTSWAP"
"SW55";"117.520mm";"28.900mm";"top";"0";"CHERRYMX_HOTSWAP"
"SW56";"136.560mm";"28.900mm";"top";"0";"CHERRYMX_HOTSWAP"
"SW57";"155.600mm";"28.900mm";"top";"0";"CHERRYMX_HOTSWAP"
"SW58";"174.640mm";"28.900mm";"top";"0";"CHERRYMX_HOTSWAP"
"SW59";"193.680mm";"28.900mm";"top";"0";"CHERRYMX_HOTSWAP"
"SW60";"212.720mm";"28.900mm";"top";"0";"CHERRYMX_HOTSWAP"
"SW61";"231.760mm";"28.900mm";"top";"0";"CHERRYMX_HOTSWAP"
"SW62";"260.320mm";"28.900mm";"top";"270";"CHERRYMX_HOTSWAP"
"SW62A";"255.570mm";"28.900mm";"top";"90";"CHERRYMX_HOTSWAP"
"SW63";"279.360mm";"28.900mm";"top";"0";"CHERRYMX_HOTSWAP"
"SW64";"298.400mm";"28.900mm";"top";"0";"CHERRYMX_HOTSWAP"
"SW65";"353.850mm";"28.900mm";"top";"270";"CHERRYMX_HOTSWAP"
"SW65A";"349.100mm";"28.900mm";"top";"90";"CHERRYMX_HOTSWAP"
"SW66";"141.380mm";"9.850mm";"top";"0";"CHERRYMX_HOTSWAP"
"SW67";"65.180mm";"9.850mm";"top";"0";"CHERRYMX_HOTSWAP"
"SW68";"217.580mm";"9.850mm";"top";"0";"CHERRYMX_HOTSWAP"
"U$90";"311.398mm";"2.884mm";"top";"0";"OPENHW"
"U$92";"349.100mm";"86.050mm";"top";"0";"KCAP_1_5U"
"U$93";"349.100mm";"67.000mm";"top";"0";"KCAP_1_5U"
"U$94";"349.100mm";"47.950mm";"top";"0";"KCAP_1_5U"
"U$95";"349.100mm";"28.900mm";"top";"0";"KCAP_1_5U"
"U$96";"255.570mm";"28.900mm";"top";"0";"KCAP_1_5U"
"U$97";"22.450mm";"67.000mm";"top";"0";"KCAP_1_5U"
"U$98";"36.610mm";"28.900mm";"top";"0";"KCAP_1_5U"
"U$99";"65.180mm";"9.850mm";"top";"0";"KCAP_1U"
"U$100";"217.580mm";"9.850mm";"top";"0";"KCAP_1U"
"U$101";"17.600mm";"86.050mm";"top";"0";"KCAP_1U"
"U$102";"303.200mm";"86.050mm";"top";"0";"KCAP_1U"
"U$103";"298.400mm";"28.900mm";"top";"0";"KCAP_1U"
"U$104";"141.380mm";"9.850mm";"top";"0";"KCAP_7U"
"U$105";"288.880mm";"47.950mm";"top";"0";"KCAP_2U"
"U$106";"298.510mm";"67.000mm";"top";"0";"KCAP_1_5U"
"U$107";"12.800mm";"47.950mm";"top";"0";"KCAP_1U"
"U$108";"12.800mm";"28.900mm";"top";"0";"KCAP_1U"
"U$109";"36.640mm";"86.050mm";"top";"0";"KCAP_1U"
"U$110";"55.680mm";"86.050mm";"top";"0";"KCAP_1U"
"U$111";"74.720mm";"86.050mm";"top";"0";"KCAP_1U"
"U$112";"93.760mm";"86.050mm";"top";"0";"KCAP_1U"
"U$113";"112.800mm";"86.050mm";"top";"0";"KCAP_1U"
"U$114";"131.840mm";"86.050mm";"top";"0";"KCAP_1U"
"U$115";"150.880mm";"86.050mm";"top";"0";"KCAP_1U"
"U$116";"169.920mm";"86.050mm";"top";"0";"KCAP_1U"
"U$117";"188.960mm";"86.050mm";"top";"0";"KCAP_1U"
"U$118";"208.000mm";"86.050mm";"top";"0";"KCAP_1U"
"U$119";"227.040mm";"86.050mm";"top";"0";"KCAP_1U"
"U$120";"246.080mm";"86.050mm";"top";"0";"KCAP_1U"
"U$121";"265.120mm";"86.050mm";"top";"0";"KCAP_1U"
"U$122";"284.160mm";"86.050mm";"top";"0";"KCAP_1U"
"U$123";"46.240mm";"67.000mm";"top";"0";"KCAP_1U"
"U$124";"65.280mm";"67.000mm";"top";"0";"KCAP_1U"
"U$125";"84.320mm";"67.000mm";"top";"0";"KCAP_1U"
"U$126";"103.360mm";"67.000mm";"top";"0";"KCAP_1U"
"U$127";"122.400mm";"67.000mm";"top";"0";"KCAP_1U"
"U$128";"141.440mm";"67.000mm";"top";"0";"KCAP_1U"
"U$129";"160.480mm";"67.000mm";"top";"0";"KCAP_1U"
"U$130";"179.520mm";"67.000mm";"top";"0";"KCAP_1U"
"U$131";"198.560mm";"67.000mm";"top";"0";"KCAP_1U"
"U$132";"217.600mm";"67.000mm";"top";"0";"KCAP_1U"
"U$133";"236.640mm";"67.000mm";"top";"0";"KCAP_1U"
"U$134";"255.680mm";"67.000mm";"top";"0";"KCAP_1U"
"U$135";"274.720mm";"67.000mm";"top";"0";"KCAP_1U"
"U$136";"50.880mm";"47.950mm";"top";"0";"KCAP_1U"
"U$137";"69.920mm";"47.950mm";"top";"0";"KCAP_1U"
"U$138";"88.960mm";"47.950mm";"top";"0";"KCAP_1U"
"U$139";"108.000mm";"47.950mm";"top";"0";"KCAP_1U"
"U$140";"127.040mm";"47.950mm";"top";"0";"KCAP_1U"
"U$141";"146.080mm";"47.950mm";"top";"0";"KCAP_1U"
"U$142";"165.120mm";"47.950mm";"top";"0";"KCAP_1U"
"U$143";"184.160mm";"47.950mm";"top";"0";"KCAP_1U"
"U$144";"203.200mm";"47.950mm";"top";"0";"KCAP_1U"
"U$145";"222.240mm";"47.950mm";"top";"0";"KCAP_1U"
"U$146";"241.280mm";"47.950mm";"top";"0";"KCAP_1U"
"U$147";"260.320mm";"47.950mm";"top";"0";"KCAP_1U"
"U$148";"31.840mm";"47.950mm";"top";"0";"KCAP_1U"
"U$149";"60.400mm";"28.900mm";"top";"0";"KCAP_1U"
"U$150";"79.440mm";"28.900mm";"top";"0";"KCAP_1U"
"U$151";"98.480mm";"28.900mm";"top";"0";"KCAP_1U"
"U$152";"117.520mm";"28.900mm";"top";"0";"KCAP_1U"
"U$153";"136.560mm";"28.900mm";"top";"0";"KCAP_1U"
"U$154";"155.600mm";"28.900mm";"top";"0";"KCAP_1U"
"U$155";"174.640mm";"28.900mm";"top";"0";"KCAP_1U"
"U$156";"193.680mm";"28.900mm";"top";"0";"KCAP_1U"
"U$157";"212.720mm";"28.900mm";"top";"0";"KCAP_1U"
"U$158";"231.760mm";"28.900mm";"top";"0";"KCAP_1U"
"U$159";"279.360mm";"28.900mm";"top";"0";"KCAP_1U"
"U$161";"2.321mm";"6.051mm";"top";"90";"2LAYER"
"U$162";"-0.159mm";"128.588mm";"top";"0";"PCB-TITLE/"
"U$164";"13.828mm";"2.649mm";"top";"0";"C64_KEYS"
"U$172";"276.980mm";"47.950mm";"top";"0";"STABIL_PIN_SCREW_L"
"U$173";"300.780mm";"47.943mm";"top";"0";"STABIL_PIN_SCREW"
"U$174";"84.230mm";"9.850mm";"top";"180";"STABIL_PIN_SCREW"
"U$175";"198.530mm";"9.850mm";"top";"180";"STABIL_PIN_SCREW_L"
"U$176";"3.800mm";"11.500mm";"top";"0";"64KB"
"U$178";"319.500mm";"21.000mm";"top";"0";"SVEN_TAG"
"U$180";"78.880mm";"9.850mm";"top";"180";"STABIL_PIN_SCREW"
"U$181";"203.880mm";"9.850mm";"top";"180";"STABIL_PIN_SCREW_L"
